intervals,mu,nu,state_l2_error,adjoint_l2_error,gradient,exact_gradient,gradient_error,objective_error,primal_residual_inf,newton_correction_inf,newton_accepted_updates,elapsed_seconds
16,0.2,0.1,8.251558288028831e-05,0.007919314084359731,0.26198921925351787,0.26047619047619053,0.001513028777327341,0.0005303685491147014,4.191091917959966e-15,8.98178581681991e-17,4,0.0030914170056348667
32,0.2,0.1,2.0626537324915815e-05,0.005587928914326605,0.260854098367466,0.26047619047619053,0.000377907891275453,0.00013254831457915062,3.608224830031759e-14,1.227610241215613e-16,4,0.0029538749950006604
64,0.2,0.1,5.156439023296259e-06,0.004133893883146851,0.2605706453456282,0.26047619047619053,9.445486943765458e-05,3.313430571419418e-05,1.6486811915683575e-13,1.2677657187294402e-16,4,0.003178917002514936
128,0.2,0.1,1.2890952898944285e-06,0.003025209300812422,0.26049980279794605,0.26047619047619053,2.3612321755517307e-05,8.283401408626379e-06,5.366818101038007e-13,1.3814534078949533e-16,4,0.003737875013030134
256,0.2,0.1,3.2227282829475267e-07,0.002182827432000279,0.26048209346882134,0.26047619047619053,5.902992630812953e-06,2.0708393434487604e-06,2.483513394935244e-12,1.3475075220260383e-16,4,0.005224082997301593
512,0.2,0.1,8.056814176105931e-08,0.0015604061631281272,0.2604776662188488,0.26047619047619053,1.4757426582967526e-06,5.177091451924465e-07,1.085861955907319e-11,1.3787262893841063e-16,4,0.007926416001282632
1024,0.2,0.1,2.0142031292827935e-08,0.001109628094024972,0.26047655941147096,0.26047619047619053,3.689352804370216e-07,1.2942724297859698e-07,4.2865266891567444e-11,1.3865889440878422e-16,4,0.014754040996194817
2048,0.2,0.1,5.0355076042178524e-09,0.0007868866901722553,0.26047628271003403,0.26047619047619053,9.223384350720565e-08,3.2356807955213895e-08,1.7051587919425515e-10,1.3788211137983733e-16,4,0.02778762500383891
4096,0.2,0.1,1.2588769312444778e-09,0.000557221303423078,0.2604762135343989,0.26047619047619053,2.3058208398207825e-08,8.08920169736993e-09,7.191559570074446e-10,1.4021815842349552e-16,4,0.04894558301020879
8192,0.2,0.1,3.1471927838071575e-10,0.0003943023659619726,0.2604761962413421,0.26047619047619053,5.76515157835189e-09,2.0223003549535434e-09,2.557725142793288e-09,1.400855398554059e-16,4,0.09277099999599159
16384,0.2,0.1,7.867986664255507e-11,0.00027891577241895597,0.26047619191241034,0.26047619047619053,1.4362198097472856e-09,5.055750262883407e-10,9.536664777320958e-09,1.404066699344079e-16,4,0.19114345801062882
