cells,nu,reconstruction,state_l1_error,state_linf_error,gradient_error_inf,primal_residual_inf,primal_residual_density_inf,newton_correction_inf,adjoint_residual_inf,elapsed_seconds,psi_0,psi_N,exact_nodal_residual_boundary_rows_inf,exact_nodal_residual_inner_rows_inf
32,0.01,smooth,0.0025429833534098903,0.0057367729898333275,0.07428477381044037,8.881784197001252e-16,2.842170943040401e-14,2.6923721306484356e-16,4.371503159461554e-16,0.05561554199812235,-1.4106163834362624,-0.039250771526290425,0.0020008455802324465,0.00539321546418281
64,0.01,smooth,0.0026648890944904764,0.005031956138713989,0.10722982711738,5.551115123125783e-16,3.552713678800501e-14,2.918911735190581e-16,1.0061396160665481e-15,0.0229937499971129,-1.4245423405979976,-0.02584215297834351,0.001999087326563509,0.0018507854188622996
128,0.01,smooth,0.0030960591586732525,0.006495654156242425,0.13799347591010727,8.881784197001252e-16,1.1368683772161603e-13,2.2379164310200873e-16,1.3652273755937472e-15,0.023807124998711515,-1.4295102013320697,-0.023354402704494095,0.0025702581776900213,0.00048024827490766864
256,0.01,smooth,0.0028583681461452452,0.006267644573062392,0.087921125165878,1.2212453270876722e-15,3.126388037344441e-13,2.67106766475771e-16,2.6662699825763525e-15,0.02585049999470357,-1.4302773053108335,-0.025337773125630392,0.0023553792874035917,0.00012044400602750915
512,0.01,smooth,0.0019458793419143488,0.004211800585776859,0.03344497930143045,2.4424906541753444e-15,1.2505552149377763e-12,2.0704516965595453e-16,4.474719206282174e-15,0.03015070800029207,-1.429330344090733,-0.025271229244269847,0.0014872789318046142,3.0118107505749947e-05
1024,0.01,smooth,0.0010899910562164974,0.0023286198983399897,0.010594415306634675,4.3298697960381105e-15,4.433786671143025e-12,1.9797057706258433e-16,1.0756152912794192e-14,0.03397304200188955,-1.4281359022727798,-0.024021474869831732,0.0007938624389249305,7.529767790726005e-06
2048,0.01,smooth,0.0005677939199036989,0.001203808893706193,0.004596392281006001,8.548717289613705e-15,1.750777300912887e-11,1.2830857498535395e-16,1.852077519126638e-14,0.04790170799969928,-1.427381084189035,-0.023089057283112304,0.00040319060406396323,1.882459865876207e-06
4096,0.01,smooth,0.0002884844307135979,0.0006092484171077439,0.002362313180953063,1.6653345369377348e-14,6.821210263296962e-11,2.169343898543048e-14,3.888496512630124e-14,0.06931500000064261,-1.4269791152337712,-0.022571423500036797,0.00020225365359849423,4.7061745256371523e-07
8192,0.01,smooth,0.00014524083452364207,0.00030612440276900355,0.0011933058515925243,3.452793606584237e-14,2.828528522513807e-10,1.4544506245980802e-15,7.136430118723225e-14,0.12365887500345707,-1.4267743383016032,-0.022304605740628362,0.00010117462045433623,1.1765462615276334e-07
16384,0.01,smooth,7.285118344976472e-05,0.00015339453248919277,0.0005991882478921795,6.972200594645983e-14,1.1423253454267979e-09,1.7670718245952836e-16,1.5688858090272262e-13,0.26592345800600015,-1.4266713073864135,-0.022169881145825573,5.058458644041641e-05,2.941371513021096e-08
