cells,nu,reconstruction,state_l1_error,state_linf_error,gradient_error_inf,primal_residual_inf,primal_residual_density_inf,newton_correction_inf,adjoint_residual_inf,elapsed_seconds
32,0.01,none,0.01364758995498713,0.017719107971755355,0.10713367945427374,4.440892098500626e-16,1.4210854715202004e-14,2.361006725768039e-16,7.008282842946301e-16,0.060448542004451156
64,0.01,none,0.006313659675671834,0.007996658579438654,0.18148049855860987,4.440892098500626e-16,2.842170943040401e-14,3.2329631181643533e-16,1.0651202142497596e-15,0.00824875000398606
128,0.01,none,0.0025806700678692174,0.0032266741488758965,0.15744439903576465,1.1857181902996672e-12,1.517719283583574e-10,8.634426081347492e-12,1.4085954624931674e-15,0.00882037500559818
256,0.01,none,0.0009056848238514601,0.0011250038695157505,0.08519321431733952,1.0769163338864018e-14,2.7569058147491887e-12,7.911262311828701e-14,2.9334173978767808e-15,0.008981833001598716
512,0.01,none,0.0002778933282272351,0.0003443040441581946,0.0330732129298621,2.55351295663786e-15,1.3073986337985843e-12,5.223221778196627e-16,5.100087019371813e-15,0.010503917001187801
1024,0.01,none,7.782770372939912e-05,9.633054188551426e-05,0.010467660329573625,4.440892098500626e-15,4.547473508864641e-12,2.1144298607519034e-16,1.121932408088e-14,0.012739083991618827
2048,0.01,none,2.065916493310349e-05,2.5559874640590508e-05,0.002957245952974971,8.881784197001252e-15,1.8189894035458565e-11,1.8521011653322615e-16,1.8381346791884745e-14,0.017608916998142377
4096,0.01,none,5.32650623328169e-06,6.588784314032203e-06,0.0007868213816865327,1.4718448682060625e-11,6.028676580172032e-08,1.0806758748447861e-11,3.4807606016235004e-14,0.02402441699814517
8192,0.01,none,1.3526125135500492e-06,1.673007645308644e-06,0.000202987909714868,9.607314943593792e-13,7.870312401792035e-09,7.040061231107858e-13,7.927054737448536e-14,0.04327875000308268
16384,0.01,none,3.408265381836195e-07,4.2154051183018737e-07,5.1554938339845896e-05,7.782663402622347e-14,1.2751115718856454e-09,4.496627241194579e-14,1.455539790258531e-13,0.07813933299621567
